Workbook

Sheet samples
A1: Time | B1: F1 | C1: F2 | D1: F1 + F2
A2: 0 | B2: =SIN(2*PI()*F1_*$A2) -> 0 | C2: =COS(2*PI()*F2_*$A2) -> 1 | D2: =samples!C2+samples!B2 -> 1
A3: =samples!A2+Ts -> 0.0001 | B3: =SIN(2*PI()*F1_*$A3) -> 0.21814324 | C3: =COS(2*PI()*F2_*$A3) -> 0.96858316 | D3: =samples!C3+samples!B3 -> 1.1867264
A4: =samples!A3+Ts -> 0.0002 | B4: =SIN(2*PI()*F1_*$A4) -> 0.42577929 | C4: =COS(2*PI()*F2_*$A4) -> 0.87630668 | D4: =samples!C4+samples!B4 -> 1.302086
A5: =samples!A4+Ts -> 0.0003 | B5: =SIN(2*PI()*F1_*$A5) -> 0.61290705 | C5: =COS(2*PI()*F2_*$A5) -> 0.72896863 | D5: =samples!C5+samples!B5 -> 1.3418757
A6: =samples!A5+Ts -> 0.0004 | B6: =SIN(2*PI()*F1_*$A6) -> 0.77051324 | C6: =COS(2*PI()*F2_*$A6) -> 0.53582679 | D6: =samples!C6+samples!B6 -> 1.30634
A7: =samples!A6+Ts -> 0.0005 | B7: =SIN(2*PI()*F1_*$A7) -> 0.89100652 | C7: =COS(2*PI()*F2_*$A7) -> 0.30901699 | D7: =samples!C7+samples!B7 -> 1.2000235
A8: =samples!A7+Ts -> 0.0006 | B8: =SIN(2*PI()*F1_*$A8) -> 0.96858316 | C8: =COS(2*PI()*F2_*$A8) -> 0.06279052 | D8: =samples!C8+samples!B8 -> 1.0313737
A9: =samples!A8+Ts -> 0.0007 | B9: =SIN(2*PI()*F1_*$A9) -> 0.99950656 | C9: =COS(2*PI()*F2_*$A9) -> -0.18738131 | D9: =samples!C9+samples!B9 -> 0.81212525
A10: =samples!A9+Ts -> 0.0008 | B10: =SIN(2*PI()*F1_*$A10) -> 0.98228725 | C10: =COS(2*PI()*F2_*$A10) -> -0.42577929 | D10: =samples!C10+samples!B10 -> 0.55650796
A11: =samples!A10+Ts -> 0.0009 | B11: =SIN(2*PI()*F1_*$A11) -> 0.91775463 | C11: =COS(2*PI()*F2_*$A11) -> -0.63742399 | D11: =samples!C11+samples!B11 -> 0.28033064
A12: =samples!A11+Ts -> 0.001 | B12: =SIN(2*PI()*F1_*$A12) -> 0.80901699 | C12: =COS(2*PI()*F2_*$A12) -> -0.80901699 | D12: =samples!C12+samples!B12 -> 0
A13: =samples!A12+Ts -> 0.0011 | B13: =SIN(2*PI()*F1_*$A13) -> 0.66131187 | C13: =COS(2*PI()*F2_*$A13) -> -0.92977649 | D13: =samples!C13+samples!B13 -> -0.26846462
A14: =samples!A13+Ts -> 0.0012 | B14: =SIN(2*PI()*F1_*$A14) -> 0.48175367 | C14: =COS(2*PI()*F2_*$A14) -> -0.9921147 | D14: =samples!C14+samples!B14 -> -0.51036103
... A1554: =samples!A1553+Ts -> 0.1552 | B1554: =SIN(2*PI()*F1_*$A1554) -> 0.90482705 | C1554: =COS(2*PI()*F2_*$A1554) -> 0.87630668 | D1554: =samples!C1554+samples!B1554 -> 1.7811337

Sheet Config
A1: Ts | B1: =1/10000 -> 0.0001 | C1: S
A2: F1 | B2: 350 | C2: Hz
A3: F2 | B3: 400 | C3: Hz

Sheet Coefficients_bp_10kHz
A1: Index | B1: Coefficient
A2: 0 | B2: -0.0043226084
A3: 1 | B3: 0.001268298
A4: 2 | B4: 0.0011526905
A5: 3 | B5: 0.0010759816
A6: 4 | B6: 0.0010199084
A7: 5 | B7: 0.00096786771
A8: 6 | B8: 0.00090710841
A9: 7 | B9: 0.00082904915
A10: 8 | B10: 0.00073001083
A11: 9 | B11: 0.00061078955
A12: 10 | B12: 0.00047645596
A13: 11 | B13: 0.00033754925
... A160: 158 | B160: -0.0043226084

Sheet Coefficients_lp_10kHz
A1: Index | B1: Coefficient
A2: 0 | B2: 0.0044474838
A3: 1 | B3: 0.0063367685
A4: 2 | B4: 0.0031195982
A5: 3 | B5: 0.0068996541
A6: 4 | B6: 0.0058858781
A7: 5 | B7: 0.00788317
A8: 6 | B8: 0.0075488691
A9: 7 | B9: 0.0083695679
A10: 8 | B10: 0.0079218241
A11: 9 | B11: 0.0077754676
A12: 10 | B12: 0.0068489762
A13: 11 | B13: 0.0058764917
... A122: 120 | B122: 0.0044474838

Sheet o_samples (example)
A1: Time | B1: o_sample
A2: 0 | B2: 0.000131056
A3: 0.0005 | B3: -5.09972e-05
A4: 0.001 | B4: -0.00214329
A5: 0.0015 | B5: -0.00663866
A6: 0.002 | B6: -0.00955443
A7: 0.0025 | B7: -0.00493797
A8: 0.003 | B8: 0.00588095
A9: 0.0035 | B9: 0.0112095
A10: 0.004 | B10: 0.00225032
A11: 0.0045 | B11: -0.0117011
A12: 0.005 | B12: -0.0113209
A13: 0.0055 | B13: 0.00585042
... A257: 0.1275 | B257: -0.928761

Sheet low_pass
A1: Time | B1: 200-300 | C1: 300-400 | D1: 400-500 | E1: 500-600 | F1: 600-700
A2: 0 | B2: 0.00390625 | C2: 0.00390625 | D2: 0.00390625 | E2: 0.00390625 | F2: 0.00390625
A3: 0.0005 | B3: 0.01171875 | C3: 0.01171875 | D3: 0.01171875 | E3: 0.01171875 | F3: 0.01171875
A4: 0.001 | B4: 0.015625 | C4: 0.015625 | D4: 0.015625 | E4: 0.015625 | F4: 0.015625
A5: 0.0015 | B5: 0.0234375 | C5: 0.0234375 | D5: 0.0234375 | E5: 0.0234375 | F5: 0.0234375
A6: 0.002 | B6: 0.03125 | C6: 0.03125 | D6: 0.03125 | E6: 0.03125 | F6: 0.02734375
A7: 0.0025 | B7: 0.0390625 | C7: 0.0390625 | D7: 0.0390625 | E7: 0.03515625 | F7: 0.03515625
A8: 0.003 | B8: 0.046875 | C8: 0.046875 | D8: 0.046875 | E8: 0.04296875 | F8: 0.0390625
A9: 0.0035 | B9: 0.05859375 | C9: 0.0546875 | D9: 0.05078125 | E9: 0.046875 | F9: 0.0390625
A10: 0.004 | B10: 0.06640625 | C10: 0.0625 | D10: 0.0546875 | E10: 0.046875 | F10: 0.0390625
A11: 0.0045 | B11: 0.07421875 | C11: 0.06640625 | D11: 0.05859375 | E11: 0.046875 | F11: 0.03515625
A12: 0.005 | B12: 0.078125 | C12: 0.0703125 | D12: 0.05859375 | E12: 0.04296875 | F12: 0.03125
A13: 0.0055 | B13: 0.08203125 | C13: 0.0703125 | D13: 0.0546875 | E13: 0.03515625 | F13: 0.0234375
... A512: 0.255 | B512: -0.9453125 | C512: 0.87109375 | D512: -0.01171875 | E512: 0.0078125 | F512: 0

Sheet band_pass
A1: Time | B1: 200-300 | C1: 300-400 | D1: 400-500 | E1: 500-600 | F1: 600-700
A2: 0 | B2: -0.00390625 | C2: -0.00390625 | D2: -0.00390625 | E2: -0.00390625 | F2: -0.00390625
A3: 0.0005 | B3: -0.00390625 | C3: -0.00390625 | D3: -0.00390625 | E3: -0.00390625 | F3: -0.00390625
A4: 0.001 | B4: -0.00390625 | C4: -0.00390625 | D4: -0.00390625 | E4: -0.00390625 | F4: -0.00390625
A5: 0.0015 | B5: 0 | C5: 0 | D5: 0 | E5: 0 | F5: 0
A6: 0.002 | B6: 0 | C6: 0 | D6: 0 | E6: 0 | F6: 0
A7: 0.0025 | B7: 0 | C7: 0 | D7: 0.00390625 | E7: 0.00390625 | F7: 0.00390625
A8: 0.003 | B8: 0.00390625 | C8: 0.00390625 | D8: 0.00390625 | E8: 0.00390625 | F8: 0.0078125
A9: 0.0035 | B9: 0.00390625 | C9: 0.00390625 | D9: 0.00390625 | E9: 0.0078125 | F9: 0.0078125
A10: 0.004 | B10: 0.00390625 | C10: 0.0078125 | D10: 0.0078125 | E10: 0.0078125 | F10: 0.0078125
A11: 0.0045 | B11: 0.0078125 | C11: 0.0078125 | D11: 0.0078125 | E11: 0.0078125 | F11: 0.0078125
A12: 0.005 | B12: 0.0078125 | C12: 0.0078125 | D12: 0.0078125 | E12: 0.0078125 | F12: 0.0078125
A13: 0.0055 | B13: 0.0078125 | C13: 0.0078125 | D13: 0.0078125 | E13: 0.0078125 | F13: 0.00390625
... A512: 0.255 | B512: 0.7734375 | C512: -0.3125 | D512: 0.85546875 | E512: -0.00390625 | F512: 0.0078125

Sheet gain_control
A1: Time | B1: 200-01.csv | C1: 200-05.csv | D1: 200-10.csv | E1: 200-20.csv | F1: 350-01.csv | G1: 350-05.csv | H1: 350-10.csv | I1: 350-20.csv | J1: 400-01.csv | K1: 400-05.csv | L1: 400-10.csv | M1: 400-20.csv | N1: 500-01.csv | O1: 500-05.csv | P1: 500-10.csv | Q1: 500-20.csv
A2: 0 | B2: 0 | C2: 0 | D2: 0 | E2: 0 | F2: 0 | G2: 0 | H2: -0.00390625 | I2: -0.0078125 | J2: 0 | K2: 0 | L2: 0 | M2: 0 | N2: 0 | O2: 0 | P2: -0.00390625 | Q2: -0.0078125
A3: 0.0005 | B3: 0 | C3: 0 | D3: 0 | E3: 0 | F3: 0 | G3: 0 | H3: -0.00390625 | I3: -0.00390625 | J3: 0 | K3: 0 | L3: 0 | M3: 0 | N3: 0 | O3: 0 | P3: -0.00390625 | Q3: -0.00390625
A4: 0.001 | B4: 0 | C4: 0 | D4: 0 | E4: 0 | F4: 0 | G4: 0 | H4: 0 | I4: -0.00390625 | J4: 0 | K4: 0 | L4: 0 | M4: -0.00390625 | N4: 0 | O4: 0 | P4: 0 | Q4: -0.00390625
A5: 0.0015 | B5: 0 | C5: 0 | D5: 0 | E5: -0.00390625 | F5: 0 | G5: 0 | H5: 0 | I5: 0 | J5: 0 | K5: 0 | L5: -0.00390625 | M5: -0.00390625 | N5: 0 | O5: 0 | P5: 0 | Q5: 0
A6: 0.002 | B6: 0 | C6: 0 | D6: 0 | E6: -0.00390625 | F6: 0 | G6: 0 | H6: 0 | I6: 0.00390625 | J6: 0 | K6: 0 | L6: 0 | M6: -0.00390625 | N6: 0 | O6: 0 | P6: 0.00390625 | Q6: 0.00390625
A7: 0.0025 | B7: 0 | C7: 0 | D7: 0 | E7: -0.00390625 | F7: 0 | G7: 0 | H7: 0.00390625 | I7: 0.00390625 | J7: 0 | K7: 0 | L7: 0 | M7: -0.00390625 | N7: 0 | O7: 0 | P7: 0.00390625 | Q7: 0.0078125
A8: 0.003 | B8: 0 | C8: 0 | D8: 0 | E8: 0 | F8: 0 | G8: 0 | H8: 0.00390625 | I8: 0.0078125 | J8: 0 | K8: 0 | L8: 0 | M8: 0 | N8: 0 | O8: 0.00390625 | P8: 0.00390625 | Q8: 0.0078125
A9: 0.0035 | B9: 0 | C9: 0 | D9: 0 | E9: 0 | F9: 0 | G9: 0.00390625 | H9: 0.00390625 | I9: 0.0078125 | J9: 0 | K9: 0 | L9: 0 | M9: 0 | N9: 0 | O9: 0.00390625 | P9: 0.00390625 | Q9: 0.01171875
A10: 0.004 | B10: 0 | C10: 0 | D10: 0 | E10: 0 | F10: 0 | G10: 0.00390625 | H10: 0.00390625 | I10: 0.01171875 | J10: 0 | K10: 0 | L10: 0 | M10: 0.00390625 | N10: 0 | O10: 0.00390625 | P10: 0.00390625 | Q10: 0.01171875
A11: 0.0045 | B11: 0 | C11: 0 | D11: 0 | E11: 0 | F11: 0 | G11: 0.00390625 | H11: 0.0078125 | I11: 0.01171875 | J11: 0 | K11: 0 | L11: 0.00390625 | M11: 0.0078125 | N11: 0 | O11: 0.00390625 | P11: 0.00390625 | Q11: 0.01171875
A12: 0.005 | B12: 0 | C12: 0 | D12: 0 | E12: 0.00390625 | F12: 0 | G12: 0.00390625 | H12: 0.00390625 | I12: 0.01171875 | J12: 0 | K12: 0.00390625 | L12: 0.00390625 | M12: 0.0078125 | N12: 0 | O12: 0.00390625 | P12: 0.00390625 | Q12: 0.0078125
A13: 0.0055 | B13: 0 | C13: 0 | D13: 0 | E13: 0.00390625 | F13: 0 | G13: 0.00390625 | H13: 0.00390625 | I13: 0.0078125 | J13: 0 | K13: 0.00390625 | L13: 0.00390625 | M13: 0.01171875 | N13: 0 | O13: 0 | P13: 0 | Q13: 0.00390625
... A512: 0.255 | B512: 0 | C512: -0.00390625 | D512: -0.0078125 | E512: -0.01953125 | F512: 0.09765625 | G512: 0.88671875 | H512: 0.671875 | I512: 0.734375 | J512: 0.0859375 | K512: 0.78515625 | L512: 1.0234375 | M512: 0.97265625 | N512: 0 | O512: -0.00390625 | P512: -0.0078125 | Q512: -0.02734375

Sheet gain_control_longuer
A1: Time | B1: 350-20 | C1: 350-20-003 | D1: 250-20-003-ext | E1: 350-05-003-ext
A2: 0 | B2: 0 | C2: 0 | D2: 0 | E2: 0
A3: 0.0005 | B3: 0 | C3: 0 | D3: 0 | E3: 0
A4: 0.001 | B4: -0.00390625 | C4: -0.00390625 | D4: -0.00390625 | E4: 0
A5: 0.0015 | B5: -0.00390625 | C5: -0.00390625 | D5: -0.00390625 | E5: 0
A6: 0.002 | B6: -0.00390625 | C6: -0.00390625 | D6: -0.00390625 | E6: 0
A7: 0.0025 | B7: -0.00390625 | C7: -0.00390625 | D7: -0.00390625 | E7: 0
A8: 0.003 | B8: 0 | C8: 0 | D8: 0 | E8: 0
A9: 0.0035 | B9: 0 | C9: 0 | D9: 0 | E9: 0
A10: 0.004 | B10: 0 | C10: 0 | D10: 0 | E10: 0
A11: 0.0045 | B11: 0.00390625 | C11: 0.00390625 | D11: 0.00390625 | E11: 0
A12: 0.005 | B12: 0.0078125 | C12: 0.0078125 | D12: 0.0078125 | E12: 0
A13: 0.0055 | B13: 0.0078125 | C13: 0.0078125 | D13: 0.0078125 | E13: 0.00390625
... A1025: 0.5115 | B1025: 0.17578125 | C1025: 0.265625 | D1025: 0.265625 | E1025: 0.25
A1026: 0.512 | D1026: 0.484375 | E1026: 0.4609375
A1027: 0.5125 | D1027: 0.6796875 | E1027: 0.6484375
A1028: 0.513 | D1028: 0.84375 | E1028: 0.80078125
A1029: 0.5135 | D1029: 0.96484375 | E1029: 0.91796875
A1030: 0.514 | D1030: 1.0390625 | E1030: 0.98828125
A1031: 0.5145 | D1031: 1.0664062 | E1031: 1.0078125
A1032: 0.515 | D1032: 1.0390625 | E1032: 0.98828125
A1033: 0.5155 | D1033: 0.96484375 | E1033: 0.91796875
A1034: 0.516 | D1034: 0.84375 | E1034: 0.80078125
A1035: 0.5165 | D1035: 0.6796875 | E1035: 0.6484375
A1036: 0.517 | D1036: 0.484375 | E1036: 0.4609375
A1037: 0.5175 | D1037: 0.265625 | E1037: 0.25
... A1554: 0.776 | D1554: -0.2890625 | E1554: -0.33984375
